Wavenumber=11208.3079,Intensity=0.0676009812884453
Wavenumber=11276.2548,Intensity=0.109646830047652
Wavenumber=11276.8320999999,Intensity=0.0731551837470599
Wavenumber=11291.3978,Intensity=0.17551931642736
Wavenumber=11334.547,Intensity=0.0596167100244961
Wavenumber=11360.9499,Intensity=0.0687863524624962
Wavenumber=11367.9582,Intensity=0.0655329736605591
Wavenumber=11375.408,Intensity=0.0736296817390962
Wavenumber=11381.5272,Intensity=0.316653924727535
Wavenumber=11385.5865,Intensity=0.425267503997343
Wavenumber=11388.6395,Intensity=0.0713685061434674
Wavenumber=11390.1892,Intensity=0.0828225120056687
Wavenumber=11397.2237,Intensity=0.115061791869006
Wavenumber=11400.7585,Intensity=0.0810879146628802
Wavenumber=11405.3972,Intensity=0.095976525278882
Wavenumber=11413.6355,Intensity=0.0821371283852099
Wavenumber=11420.9988,Intensity=0.0986060278806359
Wavenumber=11424.8093,Intensity=0.102450369521918
Wavenumber=11427.3713,Intensity=0.0657411099968071
Wavenumber=11435.6854,Intensity=0.0842787843644472
Wavenumber=11436.0798,Intensity=0.0908249555936033
Wavenumber=11437.9879,Intensity=0.0964264430359733
Wavenumber=11438.5886,Intensity=0.106082113443269
Wavenumber=11445.0447,Intensity=0.0869919237020414
Wavenumber=11452.3806,Intensity=0.121192819979815
Wavenumber=11453.1238,Intensity=0.121439588488789
Wavenumber=11455.5984,Intensity=0.119535700105902
Wavenumber=11460.8507,Intensity=0.073312554083621
Wavenumber=11463.9372,Intensity=0.119210416927388
Wavenumber=11466.5613,Intensity=0.134585169178511
Wavenumber=11469.6882,Intensity=0.125349451374839
Wavenumber=11473.1967,Intensity=0.0809908298389617
Wavenumber=11476.2205,Intensity=0.125739310950941
Wavenumber=11477.8931,Intensity=0.0885336869704522
Wavenumber=11480.416,Intensity=0.0843233484724847
Wavenumber=11482.0847,Intensity=0.140727713058351
Wavenumber=11483.5856,Intensity=0.0756531394671733
Wavenumber=11486.4792,Intensity=0.146335842847447
Wavenumber=11488.1317,Intensity=0.0684017215144062
Wavenumber=11488.3884,Intensity=0.142445445234157
Wavenumber=11494.4009,Intensity=0.0757305956237066
Wavenumber=11495.5837,Intensity=0.170123898024022
Wavenumber=11496.6961,Intensity=0.112215770076312
Wavenumber=11496.9694,Intensity=0.118954533839965
Wavenumber=11498.2073,Intensity=0.0764341870887215
Wavenumber=11502.6267,Intensity=0.135881684218375
Wavenumber=11503.8835,Intensity=0.0678125844323966
Wavenumber=11504.4288,Intensity=0.104203146292806
Wavenumber=11504.8011,Intensity=0.0987675612280865
Wavenumber=11505.6482,Intensity=0.12023112183965
Wavenumber=11510.6843,Intensity=0.19239727081531
Wavenumber=11512.2663,Intensity=0.193984344123744
Wavenumber=11513.4017,Intensity=0.0780751593111805
Wavenumber=11514.9017,Intensity=0.132775325058688
Wavenumber=11515.0011,Intensity=0.160578114054336
Wavenumber=11516.1341,Intensity=0.0858997940261561
Wavenumber=11518.2469,Intensity=0.14585012035506
Wavenumber=11519.3923,Intensity=0.0747230901555278
Wavenumber=11520.5837,Intensity=0.172854534794758
Wavenumber=11521.3086,Intensity=0.0680391914654242
Wavenumber=11523.5906,Intensity=0.139443957007493
Wavenumber=11525.4851,Intensity=0.213607853922136
Wavenumber=11525.9968,Intensity=0.202424514808895
Wavenumber=11527.2341,Intensity=0.0816808027171588
Wavenumber=11528.3351,Intensity=0.0764714907921019
Wavenumber=11529.8888,Intensity=0.0749306936832149
Wavenumber=11533.7115,Intensity=0.0900749742632153
Wavenumber=11537.1759,Intensity=0.0958175991413229
Wavenumber=11537.9363,Intensity=0.1882399432171
Wavenumber=11538.864,Intensity=0.246212086337379
Wavenumber=11539.1121,Intensity=0.148566421023449
Wavenumber=11540.5874,Intensity=0.103537881523609
Wavenumber=11541.5095,Intensity=0.227519883278836
Wavenumber=11543.2418,Intensity=0.0814225042309262
Wavenumber=11543.9617,Intensity=0.0808482005392534
Wavenumber=11545.9281,Intensity=0.0763941483013949
Wavenumber=11547.0551,Intensity=0.103543238025675
Wavenumber=11548.573,Intensity=0.175024102838474
Wavenumber=11549.1806,Intensity=0.0765257449118345
Wavenumber=11550.1428,Intensity=0.103079964533989
Wavenumber=11551.6641,Intensity=0.603319792323442
Wavenumber=11552.4792,Intensity=0.25440429502238
Wavenumber=11554.6517,Intensity=0.0760839755736686
Wavenumber=11555.3425,Intensity=0.191318638956302
Wavenumber=11557.2351,Intensity=0.271500232048784
Wavenumber=11559.574,Intensity=0.218772473865101
Wavenumber=11559.8767,Intensity=0.0777376286398781
Wavenumber=11561.4786,Intensity=0.0830169231933868
Wavenumber=11561.8313,Intensity=0.095347555428856
Wavenumber=11566.3162,Intensity=0.269926272935064
Wavenumber=11567.991,Intensity=0.133370791906402
Wavenumber=11569.1517,Intensity=0.0689307151660561
Wavenumber=11569.6144,Intensity=0.0937110516941948
Wavenumber=11569.6144,Intensity=0.0937110516941948
Wavenumber=11571.1101,Intensity=0.243291926009458
Wavenumber=11572.4275,Intensity=0.236220902827199
Wavenumber=11572.8904,Intensity=0.177115809791152
Wavenumber=11573.9831,Intensity=0.0565243708340764
Wavenumber=11575.2732,Intensity=0.0731065347733884
Wavenumber=11576.1291,Intensity=0.0916786285740656
Wavenumber=11576.6365,Intensity=0.136979767141915
Wavenumber=11577.2115,Intensity=0.0667478127000874
Wavenumber=11577.7665,Intensity=0.0844453545288273
Wavenumber=11578.0679,Intensity=0.301526054651211
Wavenumber=11580.3474,Intensity=0.323639940079923
Wavenumber=11582.6545,Intensity=0.0723001822972523
Wavenumber=11582.9919,Intensity=0.261883591644607
Wavenumber=11584.0441,Intensity=0.0905408478606784
Wavenumber=11586.0232,Intensity=0.154992205934288
Wavenumber=11588.4312,Intensity=0.0708251834935851
Wavenumber=11588.8025,Intensity=0.276415341294715
Wavenumber=11590.154,Intensity=0.111524241397117
Wavenumber=11590.4763,Intensity=0.206695948688518
Wavenumber=11592.2576,Intensity=0.0911980778767769
Wavenumber=11594.5388,Intensity=0.349731589517692
Wavenumber=11594.8259,Intensity=0.259300422075313
Wavenumber=11595.8669,Intensity=0.172722085690621
Wavenumber=11596.7122,Intensity=0.0917660304904032
Wavenumber=11598.4324,Intensity=0.107844637058765
Wavenumber=11598.4324,Intensity=0.107844637058765
Wavenumber=11601.2981,Intensity=0.07127731773429
Wavenumber=11604.8367,Intensity=0.306888240008575
Wavenumber=11605.1589,Intensity=0.0786633089213238
Wavenumber=11606.6999,Intensity=0.177329046881356
Wavenumber=11607.7927,Intensity=0.332649207141078
Wavenumber=11608.0828,Intensity=0.221896294937358
Wavenumber=11608.8581,Intensity=0.381470725536926
Wavenumber=11608.8581,Intensity=0.381470725536926
Wavenumber=11611.8415,Intensity=0.117455274486489
Wavenumber=11613.0181,Intensity=0.0993792183519387
Wavenumber=11614.4804,Intensity=0.0890248796307316
Wavenumber=11616.822,Intensity=0.2029580053648
Wavenumber=11620.3591,Intensity=0.33592229985977
Wavenumber=11620.905,Intensity=0.325675723446043
Wavenumber=11623.2742,Intensity=0.379228610279551
Wavenumber=11624.325,Intensity=0.0932469754376106
Wavenumber=11624.8796,Intensity=0.129711008046518
Wavenumber=11625.3845,Intensity=0.229748301804138
Wavenumber=11625.3845,Intensity=0.229748301804138
Wavenumber=11626.0063,Intensity=0.152337625809599
Wavenumber=11627.6277,Intensity=0.23857476580009
Wavenumber=11627.6277,Intensity=0.23857476580009
Wavenumber=11633.1111,Intensity=0.361564770368319
Wavenumber=11634.5359,Intensity=0.103164972363859
Wavenumber=11636.5406,Intensity=0.354251369019629
Wavenumber=11636.9871,Intensity=0.340275388427387
Wavenumber=11637.7576,Intensity=0.413457738306941
Wavenumber=11637.7576,Intensity=0.413457738306941
Wavenumber=11638.4444,Intensity=0.083749485235889
Wavenumber=11638.6482,Intensity=0.243430427818847
Wavenumber=11642.2292,Intensity=0.0990552068098561
Wavenumber=11642.7191,Intensity=0.110908577552886
Wavenumber=11643.2331,Intensity=0.228349629602855
Wavenumber=11644.7463,Intensity=0.118232315387659
Wavenumber=11645.6199,Intensity=0.0928659178589359
Wavenumber=11645.9831,Intensity=0.408350874811983
Wavenumber=11650.5154,Intensity=0.260354729447485
Wavenumber=11650.948,Intensity=0.134626472498155
Wavenumber=11652.2654,Intensity=0.416574398432139
Wavenumber=11653.0603,Intensity=0.31870405840423
Wavenumber=11653.9832,Intensity=0.0765046456928211
Wavenumber=11655.9628,Intensity=0.0660229159967487
Wavenumber=11656.5232,Intensity=0.115157654785292
Wavenumber=11658.0388,Intensity=0.127256152986928
Wavenumber=11658.9353,Intensity=0.399573230288442
Wavenumber=11658.9353,Intensity=0.399573230288442
Wavenumber=11660.7556,Intensity=0.229366242545369
Wavenumber=11661.4177,Intensity=0.284440745379569
Wavenumber=11662.302,Intensity=0.0556626737566863
Wavenumber=11663.0873,Intensity=0.0780357598941271
Wavenumber=11664.1677,Intensity=0.147086889794957
Wavenumber=11666.7781,Intensity=0.423052753787658
Wavenumber=11667.5818,Intensity=0.126395816347396
Wavenumber=11669.1033,Intensity=0.344207401941344
Wavenumber=11671.3103,Intensity=0.0702114803848588
Wavenumber=11671.9216,Intensity=0.430447511451548
Wavenumber=11672.5876,Intensity=0.138568644895342
Wavenumber=11672.9128,Intensity=0.303542429577485
Wavenumber=11675.9665,Intensity=0.102352936596406
Wavenumber=11677.5203,Intensity=0.162213822128213
Wavenumber=11678.2038,Intensity=0.233444757101244
Wavenumber=11678.9656,Intensity=0.133294337429963
Wavenumber=11681.2673,Intensity=0.425484577309187
Wavenumber=11683.0442,Intensity=0.0726026967899293
Wavenumber=11684.4968,Intensity=0.346628029378979
Wavenumber=11684.9314,Intensity=0.429298151032103
Wavenumber=11685.0837,Intensity=0.303360251674326
Wavenumber=11687.8904,Intensity=0.124757295044318
Wavenumber=11690.5564,Intensity=0.170682707642742
Wavenumber=11690.9587,Intensity=0.15471095405525
Wavenumber=11692.8816,Intensity=0.100655607436428
Wavenumber=11695.5515,Intensity=0.272839698562775
Wavenumber=11695.7038,Intensity=0.433703440630463
Wavenumber=11696.1453,Intensity=0.334599343307055
Wavenumber=11697.9021,Intensity=0.405388516046034
Wavenumber=11701.0017,Intensity=0.353978315288315
Wavenumber=11702.2644,Intensity=0.151958294530662
Wavenumber=11703.1706,Intensity=0.126537287676499
Wavenumber=11704.4714,Intensity=0.169483817339472
Wavenumber=11706.8748,Intensity=0.0823110442036169
Wavenumber=11707.7966,Intensity=0.349506247016982
Wavenumber=11708.8943,Intensity=0.0704902884486308
Wavenumber=11709.1801,Intensity=0.0630797951719076
Wavenumber=11709.7761,Intensity=0.126975995141468
Wavenumber=11710.0808,Intensity=0.390790897049565
Wavenumber=11710.8191,Intensity=0.460370352815315
Wavenumber=11710.8191,Intensity=0.460370352815315
Wavenumber=11712.7908,Intensity=0.21585421743977
Wavenumber=11714.0896,Intensity=0.142350576893852
Wavenumber=11716.8396,Intensity=0.269680129588135
Wavenumber=11717.8295,Intensity=0.0810008040152226
Wavenumber=11718.0261,Intensity=0.162020419724704
Wavenumber=11718.2732,Intensity=0.0750990540843598
Wavenumber=11718.4471,Intensity=0.136033541762359
Wavenumber=11719.4353,Intensity=0.361071943761786
Wavenumber=11721.0163,Intensity=0.117277621904041
Wavenumber=11723.6609,Intensity=0.396853690144002
Wavenumber=11724.3562,Intensity=0.325141550895181
Wavenumber=11725.9831,Intensity=0.166223270486361
Wavenumber=11726.6804,Intensity=0.102844299755425
Wavenumber=11729.908,Intensity=0.20805853198994
Wavenumber=11731.0242,Intensity=0.355642922898538
Wavenumber=11731.3708,Intensity=0.124567714654219
Wavenumber=11731.5945,Intensity=0.137516170384619
Wavenumber=11732.1986,Intensity=0.0821795541548895
Wavenumber=11732.6072,Intensity=0.270273720949714
Wavenumber=11733.7322,Intensity=0.130987915731339
Wavenumber=11736.3816,Intensity=0.349003986146864
Wavenumber=11737.9363,Intensity=0.149445910354718
Wavenumber=11738.5124,Intensity=0.331175444453273
Wavenumber=11739.0629,Intensity=0.0672089691657576
Wavenumber=11741.8923,Intensity=0.141025474898664
Wavenumber=11742.532,Intensity=0.347643320956261
Wavenumber=11743.5281,Intensity=0.0949090539831972
Wavenumber=11745.1638,Intensity=0.159938047578014
Wavenumber=11746.357,Intensity=0.0810063310160281
Wavenumber=11746.9031,Intensity=0.175416988767202
Wavenumber=11747.7699,Intensity=0.0841009470750316
Wavenumber=11748.2732,Intensity=0.267639771172505
Wavenumber=11748.9665,Intensity=0.393119909831173
Wavenumber=11748.9665,Intensity=0.393119909831173
Wavenumber=11749.8826,Intensity=0.148372080876873
Wavenumber=11751.2979,Intensity=0.0827540567617584
Wavenumber=11752.1641999999,Intensity=0.0757227100570046
Wavenumber=11752.4021,Intensity=0.176169016082464
Wavenumber=11752.5593,Intensity=0.296634900478181
Wavenumber=11752.8692,Intensity=0.0673253061390117
Wavenumber=11753.9343,Intensity=0.33561270256529
Wavenumber=11755.5017,Intensity=0.0512737023085188
Wavenumber=11758.7078,Intensity=0.163650970211711
Wavenumber=11759.6673,Intensity=0.0819834237715481
Wavenumber=11760.324,Intensity=0.134054179270786
Wavenumber=11761.3572,Intensity=0.331527666432629
Wavenumber=11761.8122,Intensity=0.147543812208596
Wavenumber=11763.0095,Intensity=0.14515339146431
Wavenumber=11763.8835,Intensity=0.243049078971492
Wavenumber=11763.8835,Intensity=0.243049078971492
Wavenumber=11764.2478,Intensity=0.113965399724633
Wavenumber=11765.196,Intensity=0.330003492950843
Wavenumber=11765.7359,Intensity=0.087861090755456
Wavenumber=11766.531,Intensity=0.260402980590764
Wavenumber=11767.0225,Intensity=0.0673195091818686
Wavenumber=11767.8971,Intensity=0.659096977296047
Wavenumber=11770.6868,Intensity=0.0763598780547549
Wavenumber=11772.2019,Intensity=0.142896528065968
Wavenumber=11772.7275,Intensity=0.0857646808792143
Wavenumber=11773.5603,Intensity=0.372144700234231
Wavenumber=11773.5603,Intensity=0.372144700234231
Wavenumber=11773.5603,Intensity=0.372144700234231
Wavenumber=11774.5288,Intensity=0.0724728548956838
Wavenumber=11776.2859,Intensity=0.308844087882325
Wavenumber=11777.0564,Intensity=0.0786055027445182
Wavenumber=11779.5066,Intensity=0.135930631564841
Wavenumber=11779.6419,Intensity=0.173691712022173
Wavenumber=11780.4773,Intensity=0.210414767736955
Wavenumber=11780.4773,Intensity=0.210414767736955
Wavenumber=11780.694,Intensity=0.110894163305284
Wavenumber=11781.1913,Intensity=0.0846752010379054
Wavenumber=11781.9517,Intensity=0.0581295134568403
Wavenumber=11784.1755,Intensity=0.14588456110044
Wavenumber=11784.881,Intensity=0.104841458052934
Wavenumber=11785.4636,Intensity=0.33470053430895
Wavenumber=11785.4636,Intensity=0.33470053430895
Wavenumber=11785.5515,Intensity=0.152461990431838
Wavenumber=11786.7931,Intensity=0.108289120168535
Wavenumber=11787.1843,Intensity=0.275352963648873
Wavenumber=11787.8952,Intensity=0.0732852813894147
Wavenumber=11788.5517,Intensity=0.0630751988100552
Wavenumber=11788.9775,Intensity=0.070603222551209
Wavenumber=11793.7341,Intensity=0.0998715831910521
Wavenumber=11794.7156,Intensity=0.23705594882037
Wavenumber=11794.7156,Intensity=0.23705594882037
Wavenumber=11795.8692,Intensity=0.122257726690293
Wavenumber=11796.8201,Intensity=0.142169890854664
Wavenumber=11797.0671,Intensity=0.215388215968253
Wavenumber=11797.4741,Intensity=0.0904788786729833
Wavenumber=11797.8386,Intensity=0.260023223064979
Wavenumber=11799.0408,Intensity=0.115777041185335
Wavenumber=11801.0216,Intensity=0.0702964811106151
Wavenumber=11803.4315,Intensity=0.0776158783316448
Wavenumber=11805.1101,Intensity=0.144885864733802
Wavenumber=11805.5418,Intensity=0.0790755890816699
Wavenumber=11805.9408,Intensity=0.0792194687054679
Wavenumber=11808.1501,Intensity=0.284749035517047
Wavenumber=11808.4912,Intensity=0.111668824328215
Wavenumber=11808.6609,Intensity=0.121016424825571
Wavenumber=11809.9695,Intensity=0.0906322991220793
Wavenumber=11810.4017,Intensity=0.0820569939776435
Wavenumber=11811.7517,Intensity=0.071150182507534
Wavenumber=11812.4119,Intensity=0.134022139715988
Wavenumber=11813.3054,Intensity=0.0915632151356505
Wavenumber=11813.5878,Intensity=0.0787155099520683
Wavenumber=11814.2517,Intensity=0.0620325919138813
Wavenumber=11815.2154,Intensity=0.0969043510027997
Wavenumber=11815.4431,Intensity=0.163712435007301
Wavenumber=11818.0477,Intensity=0.175511231945462
Wavenumber=11818.9717,Intensity=0.0778939546716598
Wavenumber=11819.9997,Intensity=0.108603441698922
Wavenumber=11824.4787,Intensity=0.141872512636514
Wavenumber=11825.5583,Intensity=0.133113012020502
Wavenumber=11825.9216,Intensity=0.0908085806104969
Wavenumber=11826.1836,Intensity=0.067187081390074
Wavenumber=11827.0633,Intensity=0.141964837703955
Wavenumber=11829.7489,Intensity=0.0867307764660362
Wavenumber=11831.0837,Intensity=0.0993202613086415
Wavenumber=11833.8759,Intensity=0.082782807111707
Wavenumber=11835.5583,Intensity=0.112173628471198
Wavenumber=11838.7673,Intensity=0.0801637191412911
Wavenumber=11840.1016999999,Intensity=0.0749809339784551
Wavenumber=11840.4707,Intensity=0.075912709589838
Wavenumber=11841.8152,Intensity=0.0883745548135829
Wavenumber=11843.273,Intensity=0.0789461805383873
Wavenumber=11845.3162,Intensity=0.114992150238033
Wavenumber=11847.6481,Intensity=0.101791278227913
Wavenumber=11850.863,Intensity=0.0890086609381363
Wavenumber=11851.155,Intensity=0.0896350306823848
Wavenumber=11851.9763,Intensity=0.0667190978707094
Wavenumber=11852.3768,Intensity=0.0722953372914047
Wavenumber=11852.6568,Intensity=0.0853032544572065
Wavenumber=11854.7439,Intensity=0.111292732525328
Wavenumber=11855.0193,Intensity=0.116936347364584
Wavenumber=11857.7433,Intensity=0.0923636925093879
Wavenumber=11859.7595,Intensity=0.11743389110291
Wavenumber=11860.936,Intensity=0.102476398996149
Wavenumber=11861.7266999999,Intensity=0.09896184454175
Wavenumber=11861.9529,Intensity=0.0766090264419675
Wavenumber=11862.3393,Intensity=0.0658053240845724
Wavenumber=11863.6332,Intensity=0.0874963300146322
Wavenumber=11868.1493,Intensity=0.0890951535278633
Wavenumber=11868.976,Intensity=0.0741631225662015
Wavenumber=11869.2912,Intensity=0.0961797242557986
Wavenumber=11869.7009,Intensity=0.177833836816111
Wavenumber=11869.7009,Intensity=0.177833836816111
Wavenumber=11870.8445,Intensity=0.158350207025253
Wavenumber=11871.3487,Intensity=0.0697931546233745
Wavenumber=11873.7048,Intensity=0.157129947546631
Wavenumber=11875.4419,Intensity=0.203298121933651
Wavenumber=11876.3223,Intensity=0.0768725322438691
Wavenumber=11877.2083,Intensity=0.092425754050567
Wavenumber=11877.6093,Intensity=0.0831985256632998
Wavenumber=11878.5017,Intensity=0.0917571503477208
Wavenumber=11878.6404,Intensity=0.243505646179424
Wavenumber=11880.458,Intensity=0.0753983433092146
Wavenumber=11880.458,Intensity=0.0753983433092146
Wavenumber=11880.7156,Intensity=0.194361373669698
Wavenumber=11885.6016999999,Intensity=0.0626265455852818
Wavenumber=11885.9509,Intensity=0.193049627409105
Wavenumber=11886.7562,Intensity=0.152658674936083
Wavenumber=11887.1453,Intensity=0.208401973284212
Wavenumber=11887.9587,Intensity=0.19903690377017
Wavenumber=11890.2943,Intensity=0.0636681792178177
Wavenumber=11891.8318,Intensity=0.237466353494582
Wavenumber=11892.3907,Intensity=0.0629717131792911
Wavenumber=11894.7449,Intensity=0.177138514539962
Wavenumber=11896.7685,Intensity=0.0831745279657148
Wavenumber=11897.2488,Intensity=0.243089259841102
Wavenumber=11898.3017,Intensity=0.0579189759300109
Wavenumber=11899.4783,Intensity=0.0761031566818627
Wavenumber=11900.1746,Intensity=0.257866612925464
Wavenumber=11900.6218,Intensity=0.202433451784491
Wavenumber=11902.5134,Intensity=0.224143141534755
Wavenumber=11902.7956,Intensity=0.283341596838908
Wavenumber=11906.1016999999,Intensity=0.0971031951577449
Wavenumber=11906.3728,Intensity=0.272921935788129
Wavenumber=11910.0242,Intensity=0.203464713410374
Wavenumber=11911.1154,Intensity=0.0649947162440628
Wavenumber=11912.2488,Intensity=0.092578300693623
Wavenumber=11912.7517,Intensity=0.118981813638285
Wavenumber=11912.863,Intensity=0.288687499566649
Wavenumber=11913.5369,Intensity=0.306942231276084
Wavenumber=11914.5964,Intensity=0.0904265284558418
Wavenumber=11914.9294,Intensity=0.25626881240467
Wavenumber=11915.2917,Intensity=0.245591982421807
Wavenumber=11915.2917,Intensity=0.245591982421807
Wavenumber=11916.4739,Intensity=0.0704597833824881
Wavenumber=11917.2722,Intensity=0.203404470522416
Wavenumber=11920.9997,Intensity=0.083837540730728
Wavenumber=11922.905,Intensity=0.0997497760499057
Wavenumber=11923.9997,Intensity=0.407140419010882
Wavenumber=11924.072,Intensity=0.281840525936325
Wavenumber=11924.2429,Intensity=0.203595144946093
Wavenumber=11925.2351,Intensity=0.301662908306119
Wavenumber=11928.9119,Intensity=0.261592692378559
Wavenumber=11928.9119,Intensity=0.261592692378559
Wavenumber=11929.9011,Intensity=0.120370234602856
Wavenumber=11930.6199,Intensity=0.0997249258586231
Wavenumber=11930.9558,Intensity=0.219569271307711
Wavenumber=11932.3787,Intensity=0.291355435425933
Wavenumber=11933.3025,Intensity=1
Wavenumber=11933.8025,Intensity=0.119179343532113
Wavenumber=11934.2917,Intensity=0.282283396412184
Wavenumber=11935.0783,Intensity=0.0828747272446415
Wavenumber=11935.7017,Intensity=0.0497170630250864
Wavenumber=11936.5642,Intensity=0.0996958203029672
Wavenumber=11937.1238,Intensity=0.193001603597478
Wavenumber=11937.3152,Intensity=0.317020269685813
Wavenumber=11937.7389,Intensity=0.135611074302328
Wavenumber=11938.7898,Intensity=0.102602610688066
Wavenumber=11940.5632,Intensity=0.270781949275716
Wavenumber=11942.5955,Intensity=0.272376709235655
Wavenumber=11943.0118,Intensity=0.102421235549806
Wavenumber=11943.574,Intensity=0.214731341157861
Wavenumber=11943.9001,Intensity=0.0922615637644257
Wavenumber=11944.282,Intensity=0.355660654767446
Wavenumber=11944.6101,Intensity=0.101948861687899
Wavenumber=11945.3484,Intensity=0.0914232853993177
Wavenumber=11947.6228,Intensity=0.122486379708195
Wavenumber=11948.4978,Intensity=0.300615648215179
Wavenumber=11949.1179,Intensity=0.333523155263313
Wavenumber=11949.4871,Intensity=0.178761861455225
Wavenumber=11950.2091,Intensity=0.0645633544331207
Wavenumber=11951.0251,Intensity=0.0855073556566196
Wavenumber=11954.0242,Intensity=0.354715466588556
Wavenumber=11955.1872,Intensity=0.219230888142711
Wavenumber=11955.1872,Intensity=0.219230888142711
Wavenumber=11955.7546,Intensity=0.145161404905067
Wavenumber=11956.0046,Intensity=0.306186751361347
Wavenumber=11956.1013,Intensity=0.191030567127684
Wavenumber=11956.1912,Intensity=0.283034841190086
Wavenumber=11956.1912,Intensity=0.283034841190086
Wavenumber=11957.9724,Intensity=0.0849233619532517
Wavenumber=11959.7576,Intensity=0.124671647844174
Wavenumber=11960.6345,Intensity=0.429848634629044
Wavenumber=11960.6345,Intensity=0.429848634629044
Wavenumber=11963.5447,Intensity=0.399590365411762
Wavenumber=11963.6521,Intensity=0.274721663649407
Wavenumber=11964.6218,Intensity=0.0959773919808077
Wavenumber=11964.7976,Intensity=0.117485935843143
Wavenumber=11965.7703,Intensity=0.160079035827355
Wavenumber=11965.7703,Intensity=0.160079035827355
Wavenumber=11968.199,Intensity=0.129140746595794
Wavenumber=11969.1199,Intensity=0.300419432582468
Wavenumber=11970.8484,Intensity=0.352526035441687
Wavenumber=11970.8484,Intensity=0.352526035441687
Wavenumber=11971.1619,Intensity=0.0870411836295294
Wavenumber=11971.9187,Intensity=0.334067046242327
Wavenumber=11972.7986,Intensity=0.323945246489459
Wavenumber=11973.1199,Intensity=0.0988724747857939
Wavenumber=11973.8337,Intensity=0.10221985522611
Wavenumber=11974.8455,Intensity=0.113780877463806
Wavenumber=11975.9607,Intensity=0.125722161619392
Wavenumber=11977.0183,Intensity=0.104653632379029
Wavenumber=11977.4372,Intensity=0.259070248776984
Wavenumber=11977.4372,Intensity=0.259070248776984
Wavenumber=11980.365,Intensity=0.200352628334685
Wavenumber=11980.365,Intensity=0.200352628334685
Wavenumber=11981.24,Intensity=0.136547027132828
Wavenumber=11981.24,Intensity=0.136547027132828
Wavenumber=11981.8718,Intensity=0.402316981253891
Wavenumber=11981.9714,Intensity=0.291290049159333
Wavenumber=11982.948,Intensity=0.317330151144859
Wavenumber=11983.4753,Intensity=0.0861167749845159
Wavenumber=11984.8884,Intensity=0.245250899693432
Wavenumber=11984.8884,Intensity=0.245250899693432
Wavenumber=11986.0046,Intensity=0.130292834995071
Wavenumber=11987.658,Intensity=0.107928422981002
Wavenumber=11989.1511,Intensity=0.194297010395535
Wavenumber=11989.1511,Intensity=0.194297010395535
Wavenumber=11989.1511,Intensity=0.194297010395535
Wavenumber=11990.6951,Intensity=0.297567585416174
Wavenumber=11991.5281,Intensity=0.180397427446819
Wavenumber=11992.3357,Intensity=0.132342201427438
Wavenumber=11992.6013,Intensity=0.0860550757531583
Wavenumber=11992.6147,Intensity=0.0835294637166747
Wavenumber=11993.7517,Intensity=0.308701011023426
Wavenumber=11994.6013,Intensity=0.292876937760799
Wavenumber=11994.9216,Intensity=0.086014710176581
Wavenumber=11995.8435,Intensity=0.128770877996899
Wavenumber=11996.7751,Intensity=0.117702845760361
Wavenumber=11997.5652,Intensity=0.101458933559938
Wavenumber=11998.0144,Intensity=0.176140528584739
Wavenumber=11999.3494,Intensity=0.257992014748368
Wavenumber=12000.4851,Intensity=0.0920972740206865
Wavenumber=12001.2117,Intensity=0.103709374839092
Wavenumber=12001.6267,Intensity=0.0876145069534501
Wavenumber=12004.0525,Intensity=0.160283492232475
Wavenumber=12004.3464,Intensity=0.405379792193863
Wavenumber=12004.3464,Intensity=0.405379792193863
Wavenumber=12004.9433,Intensity=0.132836193108691
Wavenumber=12005.491,Intensity=0.137586884736828
Wavenumber=12005.491,Intensity=0.137586884736828
Wavenumber=12005.7146,Intensity=0.108249138214121
Wavenumber=12005.7146,Intensity=0.108249138214121
Wavenumber=12006.991,Intensity=0.271630208921199
Wavenumber=12007.823,Intensity=0.239359884079044
Wavenumber=12009.7017,Intensity=0.0768416151391059
Wavenumber=12010.5388,Intensity=0.145757184333803
Wavenumber=12010.5388,Intensity=0.145757184333803
Wavenumber=12011.0642,Intensity=0.0808026844799203
Wavenumber=12012.0163,Intensity=0.105757086012863
Wavenumber=12013.2948,Intensity=0.0806669532750478
Wavenumber=12013.7666,Intensity=0.0830231890220636
Wavenumber=12014.53,Intensity=0.149661037139286
Wavenumber=12014.7419,Intensity=0.284616927410389
Wavenumber=12014.9314,Intensity=0.120157594258239
Wavenumber=12015.5212,Intensity=0.132703374590618
Wavenumber=12016.1384,Intensity=0.22491335538223
Wavenumber=12016.7923,Intensity=0.0653475775936922
Wavenumber=12017.9499,Intensity=0.125460232930831
Wavenumber=12018.8914,Intensity=0.0799511569419301
Wavenumber=12019.1521,Intensity=0.287820314561081
Wavenumber=12019.1521,Intensity=0.287820314561081
Wavenumber=12020.1939,Intensity=0.0663482844246333
Wavenumber=12020.9017,Intensity=0.0758114333385733
Wavenumber=12022.9177,Intensity=0.123297584294293
Wavenumber=12024.2019,Intensity=0.166933014114227
Wavenumber=12024.3083,Intensity=0.205925436468248
Wavenumber=12024.9714,Intensity=0.256354374355444
Wavenumber=12025.5815,Intensity=0.0683405835080661
Wavenumber=12026.2742,Intensity=0.100653561451554
Wavenumber=12026.779,Intensity=0.122509567536767
Wavenumber=12027.5777,Intensity=0.114629158421632
Wavenumber=12027.8288,Intensity=0.0709739081232306
Wavenumber=12028.8386,Intensity=0.108341136492311
Wavenumber=12029.2003,Intensity=0.0792655957186175
Wavenumber=12030.8017,Intensity=0.0814211118245536
Wavenumber=12031.1081,Intensity=0.253350953809732
Wavenumber=12032.3601,Intensity=0.185774062572355
Wavenumber=12033.2546,Intensity=0.13437339553582
Wavenumber=12033.2546,Intensity=0.13437339553582
Wavenumber=12033.896,Intensity=0.079925646068032
Wavenumber=12034.6892,Intensity=0.113244225577107
Wavenumber=12035.0886,Intensity=0.26742428918223
Wavenumber=12036.8339,Intensity=0.0897005164065822
Wavenumber=12037.8455,Intensity=0.124936830217014
Wavenumber=12038.1338,Intensity=0.0720733124120013
Wavenumber=12039.9851,Intensity=0.109380532328891
Wavenumber=12039.9851,Intensity=0.109380532328891
Wavenumber=12040.2771,Intensity=0.187457993373055
Wavenumber=12040.2771,Intensity=0.187457993373055
Wavenumber=12040.4021,Intensity=0.112308620848199
Wavenumber=12040.415,Intensity=0.112409911307692
Wavenumber=12041.3352,Intensity=0.0687121002614428
Wavenumber=12042.1853,Intensity=0.118503948296144
Wavenumber=12042.8874,Intensity=0.237304365483826
Wavenumber=12043.9543,Intensity=0.084023718250151
Wavenumber=12044.4324,Intensity=0.314219486892
Wavenumber=12046.3415,Intensity=0.0832601538535159
Wavenumber=12047.7297,Intensity=0.0896992731866067
Wavenumber=12047.9558,Intensity=0.149977127594096
Wavenumber=12048.7195,Intensity=0.116720808541396
Wavenumber=12050.057,Intensity=0.0671138948061424
Wavenumber=12050.9285,Intensity=0.120226362083172
Wavenumber=12052.5603,Intensity=0.0746304951317495
Wavenumber=12053.0818,Intensity=0.128782727659294
Wavenumber=12053.1817,Intensity=0.122866904478309
Wavenumber=12053.8548,Intensity=0.0766810621594075
Wavenumber=12054.3781,Intensity=0.088323497545216
Wavenumber=12054.6628,Intensity=0.222645025943657
Wavenumber=12054.9744,Intensity=0.193104869000703
Wavenumber=12058.8298,Intensity=0.0784311109504634
Wavenumber=12059.4402,Intensity=0.159871965108229
Wavenumber=12059.4402,Intensity=0.159871965108229
Wavenumber=12060.3741,Intensity=0.0929880375811048
Wavenumber=12060.6432,Intensity=0.0797727086986979
Wavenumber=12063.3698,Intensity=0.0690773156655719
Wavenumber=12063.6371,Intensity=0.0884141531458325
Wavenumber=12064.447,Intensity=0.193105806743771
Wavenumber=12064.698,Intensity=0.123285336801505
Wavenumber=12065.1814,Intensity=0.0921399555384754
Wavenumber=12065.4783,Intensity=0.128950995706955
Wavenumber=12065.7927,Intensity=0.194543992027934
Wavenumber=12066.7072,Intensity=0.0735235320655274
Wavenumber=12067.5818,Intensity=0.0921028507502911
Wavenumber=12070.0115,Intensity=0.116732700828476
Wavenumber=12072.1824,Intensity=0.119777680441942
Wavenumber=12073.2439,Intensity=0.0962018606754774
Wavenumber=12074.2107,Intensity=0.168106116483147
Wavenumber=12076.8163,Intensity=0.0945990517542104
Wavenumber=12077.1355,Intensity=0.189131850539896
Wavenumber=12077.6921,Intensity=0.102011548391123
Wavenumber=12079.1339,Intensity=0.100893268471066
Wavenumber=12080.4636,Intensity=0.0937768428953005
Wavenumber=12081.4021,Intensity=0.0685760422673195
Wavenumber=12082.5485,Intensity=0.0726640976484928
Wavenumber=12084.1218,Intensity=0.148896932829976
Wavenumber=12087.1004,Intensity=0.0870068920705469
Wavenumber=12088.3474,Intensity=0.170567237371414
Wavenumber=12089.5753,Intensity=0.0947947345783606
Wavenumber=12089.7654,Intensity=0.0987178466372931
Wavenumber=12090.9265,Intensity=0.0953504112827427
Wavenumber=12092.0304,Intensity=0.0767047046512852
Wavenumber=12094.3078,Intensity=0.0872496680673706
Wavenumber=12094.75,Intensity=0.0762616707808012
Wavenumber=12095.1863,Intensity=0.121382400369914
Wavenumber=12095.5824,Intensity=0.0686846428602687
Wavenumber=12097.3078,Intensity=0.077876492759089
Wavenumber=12099.7669,Intensity=0.128693556818534
Wavenumber=12099.9021,Intensity=0.135807801431257
Wavenumber=12100.3181,Intensity=0.0762992018158343
Wavenumber=12101.6921,Intensity=0.0901335761008052
Wavenumber=12102.7965,Intensity=0.0767774365719114
Wavenumber=12105.1013,Intensity=0.0644874185570146
Wavenumber=12105.762,Intensity=0.0728100587777355
Wavenumber=12110.3962,Intensity=0.140978005207941
Wavenumber=12110.7889,Intensity=0.111995123395053
Wavenumber=12110.9021,Intensity=0.085095096808616
Wavenumber=12113.698,Intensity=0.0948234351995102
Wavenumber=12120.7458,Intensity=0.0969638408546579
Wavenumber=12121.1382,Intensity=0.0816405792228645
Wavenumber=12121.4802,Intensity=0.11692007894319
Wavenumber=12123.0751,Intensity=0.0605222572464522
Wavenumber=12123.7831,Intensity=0.0633255477925585
Wavenumber=12124.8904,Intensity=0.0870664671717749
Wavenumber=12125.889,Intensity=0.0519391517846842
Wavenumber=12130.0232,Intensity=0.0735381026036408
Wavenumber=12130.5828,Intensity=0.104966220505565
Wavenumber=12131.4017,Intensity=0.0584638579329483
Wavenumber=12132.6189,Intensity=0.110817474393078
Wavenumber=12136.582,Intensity=0.0955260818173438
Wavenumber=12140.2626,Intensity=0.0758629310620173
Wavenumber=12140.4343,Intensity=0.0861860258892106
Wavenumber=12141.6741,Intensity=0.0866125426943052
Wavenumber=12143.3516999999,Intensity=0.0552012899593633
Wavenumber=12144.0662,Intensity=0.104085303247353
Wavenumber=12147.4665,Intensity=0.0759456442630186
Wavenumber=12148.126,Intensity=0.0924754118084472
Wavenumber=12149.0645,Intensity=0.0658453486636707
Wavenumber=12150.4519,Intensity=0.0638375910278562
Wavenumber=12152.6016999999,Intensity=0.0471197491645278
Wavenumber=12157.609,Intensity=0.0794267738603608
Wavenumber=12159.9021,Intensity=0.0511064963259227
Wavenumber=12160.7,Intensity=0.041506884483353
Wavenumber=12162.1029,Intensity=0.0774868463064119
Wavenumber=12168.2289,Intensity=0.0777248270261871
Wavenumber=12170.8017,Intensity=0.0692798397516447
Wavenumber=12174.3945,Intensity=0.0815462507952345
Wavenumber=12182.3829,Intensity=0.0755156464419925
Wavenumber=12185.8726,Intensity=0.0776659765446021
Wavenumber=12194.1016999999,Intensity=0.0707982517968578
Wavenumber=12197.221,Intensity=0.0736355781538374
Wavenumber=12287.0621,Intensity=0.12196095942596
